ID,Latitude,Longitude,CLADE,CLADE__colour,COUNTRY,COUNTRY__colour,year,month,day,FCZ,FCZ__colour,AMB,AMB__colour,MCF,MCF__colour,ERG11,ERG11__colour,FKS1,FKS1__colour
CA_S97,-24.7761086,134.755,Clade3,#F74B00,Australia,#9900ff,2015,7,15,Resistant,#595959,Not_Resistant,#E6E6E6,Not_Resistant,#E6E6E6,F126L,#FF0100,WT,#E6E6E6
B13464,55.001251,-97.001038,Clade1,#69B920,Canada,#339900,2017,5,15,Resistant,#595959,Not_Resistant,#E6E6E6,Not_Resistant,#E6E6E6,K143R,#0600FF,WT,#E6E6E6
B13463,55.001251,-115.002136,Clade2,#9C2E88,Canada,#339900,2014,4,7,Not_Resistant,#E6E6E6,Not_Resistant,#E6E6E6,Not_Resistant,#E6E6E6,WT,#E6E6E6,WT,#E6E6E6
B12037,52.4760892,-71.8258668,Clade3,#F74B00,Canada,#339900,2012,10,18,Not_Resistant,#E6E6E6,Not_Resistant,#E6E6E6,Not_Resistant,#E6E6E6,WT,#E6E6E6,WT,#E6E6E6
B11777,10.9799669,-74.8013085,Clade4,#60C3DB,Colombia,#ffff00,2015,2,3,Not_Resistant,#E6E6E6,Resistant,#B30000,Not_Resistant,#E6E6E6,WT,#E6E6E6,WT,#E6E6E6
B11780,10.9799669,-74.8013085,Clade4,#60C3DB,Colombia,#ffff00,2015,9,10,Not_Resistant,#E6E6E6,Resistant,#B30000,Not_Resistant,#E6E6E6,WT,#E6E6E6,WT,#E6E6E6
B11781,10.9799669,-74.8013085,Clade4,#60C3DB,Colombia,#ffff00,2016,3,16,Not_Resistant,#E6E6E6,Not_Resistant,#E6E6E6,Not_Resistant,#E6E6E6,WT,#E6E6E6,WT,#E6E6E6
B11782,10.9799669,-74.8013085,Clade4,#60C3DB,Colombia,#ffff00,2015,11,25,Not_Resistant,#E6E6E6,Resistant,#B30000,Not_Resistant,#E6E6E6,WT,#E6E6E6,WT,#E6E6E6
B11787,10.9799669,-74.8013085,Clade4,#60C3DB,Colombia,#ffff00,2015,5,13,Not_Resistant,#E6E6E6,Not_Resistant,#E6E6E6,Not_Resistant,#E6E6E6,WT,#E6E6E6,WT,#E6E6E6
B11791,10.9799669,-74.8013085,Clade4,#60C3DB,Colombia,#ffff00,2015,9,7,Not_Resistant,#E6E6E6,Not_Resistant,#E6E6E6,Not_Resistant,#E6E6E6,WT,#E6E6E6,WT,#E6E6E6
B11793,10.9799669,-74.8013085,Clade4,#60C3DB,Colombia,#ffff00,2015,7,15,Not_Resistant,#E6E6E6,Not_Resistant,#E6E6E6,Not_Resistant,#E6E6E6,WT,#E6E6E6,WT,#E6E6E6
B11794,10.9799669,-74.8013085,Clade4,#60C3DB,Colombia,#ffff00,2015,7,2,Not_Resistant,#E6E6E6,Not_Resistant,#E6E6E6,Not_Resistant,#E6E6E6,WT,#E6E6E6,WT,#E6E6E6
B11799,10.9799669,-74.8013085,Clade4,#60C3DB,Colombia,#ffff00,2015,8,13,Not_Resistant,#E6E6E6,Not_Resistant,#E6E6E6,Not_Resistant,#E6E6E6,WT,#E6E6E6,WT,#E6E6E6
B11802,10.9799669,-74.8013085,Clade4,#60C3DB,Colombia,#ffff00,2016,5,24,Not_Resistant,#E6E6E6,Not_Resistant,#E6E6E6,Not_Resistant,#E6E6E6,WT,#E6E6E6,WT,#E6E6E6
B11805,10.9799669,-74.8013085,Clade4,#60C3DB,Colombia,#ffff00,2015,4,13,Not_Resistant,#E6E6E6,Resistant,#B30000,Not_Resistant,#E6E6E6,WT,#E6E6E6,WT,#E6E6E6
B11806,10.9799669,-74.8013085,Clade4,#60C3DB,Colombia,#ffff00,2015,4,19,Not_Resistant,#E6E6E6,Not_Resistant,#E6E6E6,Not_Resistant,#E6E6E6,WT,#E6E6E6,WT,#E6E6E6
B12336,10.9799669,-74.8013085,Clade4,#60C3DB,Colombia,#ffff00,2016,9,15,Not_Resistant,#E6E6E6,Resistant,#B30000,Not_Resistant,#E6E6E6,WT,#E6E6E6,WT,#E6E6E6
B11850,4.59808,-74.0760439,Clade4,#60C3DB,Colombia,#ffff00,2016,6,15,Not_Resistant,#E6E6E6,Not_Resistant,#E6E6E6,Not_Resistant,#E6E6E6,WT,#E6E6E6,WT,#E6E6E6
B11855,4.59808,-74.0760439,Clade4,#60C3DB,Colombia,#ffff00,2016,8,8,Not_Resistant,#E6E6E6,Not_Resistant,#E6E6E6,Not_Resistant,#E6E6E6,WT,#E6E6E6,WT,#E6E6E6
B11856,4.59808,-74.0760439,Clade4,#60C3DB,Colombia,#ffff00,2016,6,15,Not_Resistant,#E6E6E6,Not_Resistant,#E6E6E6,Not_Resistant,#E6E6E6,WT,#E6E6E6,WT,#E6E6E6
B12244,4.59808,-74.0760439,Clade4,#60C3DB,Colombia,#ffff00,2016,12,15,Not_Resistant,#E6E6E6,Not_Resistant,#E6E6E6,Not_Resistant,#E6E6E6,WT,#E6E6E6,WT,#E6E6E6
B12279,4.59808,-74.0760439,Clade4,#60C3DB,Colombia,#ffff00,2016,9,30,Not_Resistant,#E6E6E6,Not_Resistant,#E6E6E6,Not_Resistant,#E6E6E6,WT,#E6E6E6,WT,#E6E6E6
B12284,4.59808,-74.0760439,Clade4,#60C3DB,Colombia,#ffff00,2016,12,15,Not_Resistant,#E6E6E6,Not_Resistant,#E6E6E6,Not_Resistant,#E6E6E6,WT,#E6E6E6,WT,#E6E6E6
B12287,4.59808,-74.0760439,Clade4,#60C3DB,Colombia,#ffff00,2016,9,15,Not_Resistant,#E6E6E6,Not_Resistant,#E6E6E6,Not_Resistant,#E6E6E6,WT,#E6E6E6,WT,#E6E6E6
B12289,4.59808,-74.0760439,Clade4,#60C3DB,Colombia,#ffff00,2016,9,15,Not_Resistant,#E6E6E6,Not_Resistant,#E6E6E6,Not_Resistant,#E6E6E6,WT,#E6E6E6,WT,#E6E6E6
B12290,4.59808,-74.0760439,Clade4,#60C3DB,Colombia,#ffff00,2016,9,15,Not_Resistant,#E6E6E6,Not_Resistant,#E6E6E6,Not_Resistant,#E6E6E6,WT,#E6E6E6,WT,#E6E6E6
B12296,4.59808,-74.0760439,Clade4,#60C3DB,Colombia,#ffff00,2016,9,15,Not_Resistant,#E6E6E6,Not_Resistant,#E6E6E6,Not_Resistant,#E6E6E6,WT,#E6E6E6,WT,#E6E6E6
B12298,4.59808,-74.0760439,Clade4,#60C3DB,Colombia,#ffff00,2016,9,15,Not_Resistant,#E6E6E6,Not_Resistant,#E6E6E6,Not_Resistant,#E6E6E6,WT,#E6E6E6,WT,#E6E6E6
B12299,4.59808,-74.0760439,Clade4,#60C3DB,Colombia,#ffff00,2016,9,15,Not_Resistant,#E6E6E6,Not_Resistant,#E6E6E6,Not_Resistant,#E6E6E6,WT,#E6E6E6,WT,#E6E6E6
B12303,4.59808,-74.0760439,Clade4,#60C3DB,Colombia,#ffff00,2016,9,15,Not_Resistant,#E6E6E6,Not_Resistant,#E6E6E6,Not_Resistant,#E6E6E6,WT,#E6E6E6,WT,#E6E6E6
B12304,4.59808,-74.0760439,Clade4,#60C3DB,Colombia,#ffff00,2016,9,15,Not_Resistant,#E6E6E6,Not_Resistant,#E6E6E6,Not_Resistant,#E6E6E6,WT,#E6E6E6,WT,#E6E6E6
B12310,4.59808,-74.0760439,Clade4,#60C3DB,Colombia,#ffff00,2016,9,15,Not_Resistant,#E6E6E6,Not_Resistant,#E6E6E6,Not_Resistant,#E6E6E6,WT,#E6E6E6,WT,#E6E6E6
B12311,4.59808,-74.0760439,Clade4,#60C3DB,Colombia,#ffff00,2016,9,15,Not_Resistant,#E6E6E6,Not_Resistant,#E6E6E6,Not_Resistant,#E6E6E6,WT,#E6E6E6,WT,#E6E6E6
B12312,4.59808,-74.0760439,Clade4,#60C3DB,Colombia,#ffff00,2016,9,15,Not_Resistant,#E6E6E6,Not_Resistant,#E6E6E6,Not_Resistant,#E6E6E6,WT,#E6E6E6,WT,#E6E6E6
B12315,4.59808,-74.0760439,Clade4,#60C3DB,Colombia,#ffff00,2016,9,15,Not_Resistant,#E6E6E6,Not_Resistant,#E6E6E6,Not_Resistant,#E6E6E6,WT,#E6E6E6,WT,#E6E6E6
B11844,10.4195841,-75.5271224,Clade4,#60C3DB,Colombia,#ffff00,2016,7,15,Not_Resistant,#E6E6E6,Resistant,#B30000,Not_Resistant,#E6E6E6,WT,#E6E6E6,WT,#E6E6E6
B11848,10.4195841,-75.5271224,Clade4,#60C3DB,Colombia,#ffff00,2016,7,15,Not_Resistant,#E6E6E6,Resistant,#B30000,Not_Resistant,#E6E6E6,WT,#E6E6E6,WT,#E6E6E6
B12319,10.4195841,-75.5271224,Clade4,#60C3DB,Colombia,#ffff00,2016,9,15,Not_Resistant,#E6E6E6,Resistant,#B30000,Not_Resistant,#E6E6E6,WT,#E6E6E6,WT,#E6E6E6
B12322,10.4195841,-75.5271224,Clade4,#60C3DB,Colombia,#ffff00,2016,9,15,Not_Resistant,#E6E6E6,Not_Resistant,#E6E6E6,Not_Resistant,#E6E6E6,WT,#E6E6E6,WT,#E6E6E6
B12323,10.4195841,-75.5271224,Clade4,#60C3DB,Colombia,#ffff00,2016,9,15,Not_Resistant,#E6E6E6,Resistant,#B30000,Not_Resistant,#E6E6E6,WT,#E6E6E6,WT,#E6E6E6
B12329,10.4195841,-75.5271224,Clade4,#60C3DB,Colombia,#ffff00,2016,9,15,Not_Resistant,#E6E6E6,Resistant,#B30000,Not_Resistant,#E6E6E6,WT,#E6E6E6,WT,#E6E6E6
B12331,10.4195841,-75.5271224,Clade4,#60C3DB,Colombia,#ffff00,2016,9,15,Not_Resistant,#E6E6E6,Resistant,#B30000,Not_Resistant,#E6E6E6,WT,#E6E6E6,WT,#E6E6E6
B12342,10.4195841,-75.5271224,Clade4,#60C3DB,Colombia,#ffff00,2016,9,15,Not_Resistant,#E6E6E6,Resistant,#B30000,Not_Resistant,#E6E6E6,WT,#E6E6E6,WT,#E6E6E6
B11788,10.9799669,-74.8013085,Clade4,#60C3DB,Colombia,#ffff00,2015,8,15,Resistant,#595959,Not_Resistant,#E6E6E6,Not_Resistant,#E6E6E6,Y132F,#329901,WT,#E6E6E6
B11796,10.9799669,-74.8013085,Clade4,#60C3DB,Colombia,#ffff00,2016,3,12,Resistant,#595959,Not_Resistant,#E6E6E6,Not_Resistant,#E6E6E6,WT,#E6E6E6,WT,#E6E6E6
B11807,10.9799669,-74.8013085,Clade4,#60C3DB,Colombia,#ffff00,2015,1,3,Resistant,#595959,Not_Resistant,#E6E6E6,Not_Resistant,#E6E6E6,K143R,#0600FF,WT,#E6E6E6
B11852,4.59808,-74.0760439,Clade4,#60C3DB,Colombia,#ffff00,2016,6,15,Resistant,#595959,Not_Resistant,#E6E6E6,Not_Resistant,#E6E6E6,WT,#E6E6E6,WT,#E6E6E6
B11854,4.59808,-74.0760439,Clade4,#60C3DB,Colombia,#ffff00,2016,7,28,Resistant,#595959,Not_Resistant,#E6E6E6,Not_Resistant,#E6E6E6,WT,#E6E6E6,WT,#E6E6E6
B12292,4.59808,-74.0760439,Clade4,#60C3DB,Colombia,#ffff00,2016,9,15,Resistant,#595959,Not_Resistant,#E6E6E6,Not_Resistant,#E6E6E6,WT,#E6E6E6,WT,#E6E6E6
B12295,4.59808,-74.0760439,Clade4,#60C3DB,Colombia,#ffff00,2016,9,15,Resistant,#595959,Not_Resistant,#E6E6E6,Not_Resistant,#E6E6E6,WT,#E6E6E6,WT,#E6E6E6
B11846,10.4195841,-75.5271224,Clade4,#60C3DB,Colombia,#ffff00,2016,7,15,Resistant,#595959,Not_Resistant,#E6E6E6,Not_Resistant,#E6E6E6,WT,#E6E6E6,WT,#E6E6E6
B12272,11.0866557,-73.880352,Clade4,#60C3DB,Colombia,#ffff00,2015,8,15,Resistant,#595959,Not_Resistant,#E6E6E6,Not_Resistant,#E6E6E6,WT,#E6E6E6,WT,#E6E6E6
B12277,11.0866557,-73.880352,Clade4,#60C3DB,Colombia,#ffff00,2015,8,15,Resistant,#595959,Not_Resistant,#E6E6E6,Not_Resistant,#E6E6E6,WT,#E6E6E6,WT,#E6E6E6
CNRMA15-337,46.603354,1.8883335,Clade1,#69B920,France,#163566,2015,5,15,Resistant,#595959,Not_Resistant,#E6E6E6,Not_Resistant,#E6E6E6,Y132F,#329901,WT,#E6E6E6
CNRMA17-624,46.603354,1.8883335,Clade1,#69B920,France,#163566,2017,8,15,Resistant,#595959,Not_Resistant,#E6E6E6,Not_Resistant,#E6E6E6,Y132F,#329901,WT,#E6E6E6
NRZ-2015-214,51.0834196,10.4234469,Clade1,#69B920,Germany,#336699,2015,11,20,Resistant,#595959,NA,#FFFFFF,NA,#FFFFFF,Y132F,#329901,WT,#E6E6E6
NRZ-2017-288,51.0834196,10.4234469,Clade1,#69B920,Germany,#336699,2017,7,25,Resistant,#595959,NA,#FFFFFF,NA,#FFFFFF,Y132F,#329901,WT,#E6E6E6
NRZ-2017-367,51.0834196,10.4234469,Clade1,#69B920,Germany,#336699,2017,9,4,Resistant,#595959,NA,#FFFFFF,NA,#FFFFFF,K143R,#0600FF,WT,#E6E6E6
NRZ-2017-394-1,51.0834196,10.4234469,Clade1,#69B920,Germany,#336699,2017,9,11,Resistant,#595959,NA,#FFFFFF,NA,#FFFFFF,Y132F,#329901,WT,#E6E6E6
B11215,22.3511148,78.6677428,Clade1,#69B920,India,#fa0f0c,2014,7,15,Resistant,#595959,Not_Resistant,#E6E6E6,Not_Resistant,#E6E6E6,Y132F,#329901,WT,#E6E6E6
B11200,22.3511148,78.6677428,Clade1,#69B920,India,#fa0f0c,2012,7,15,Resistant,#595959,Resistant,#B30000,Not_Resistant,#E6E6E6,K143R,#0600FF,WT,#E6E6E6
B11201,22.3511148,78.6677428,Clade1,#69B920,India,#fa0f0c,2012,7,15,Resistant,#595959,Resistant,#B30000,Not_Resistant,#E6E6E6,K143R,#0600FF,WT,#E6E6E6
B11205,22.3511148,78.6677428,Clade1,#69B920,India,#fa0f0c,2013,5,15,Resistant,#595959,Resistant,#B30000,Not_Resistant,#E6E6E6,K143R,#0600FF,WT,#E6E6E6
B11206,22.3511148,78.6677428,Clade1,#69B920,India,#fa0f0c,2013,5,15,Resistant,#595959,Resistant,#B30000,Not_Resistant,#E6E6E6,Y132F,#329901,WT,#E6E6E6
B11207,22.3511148,78.6677428,Clade1,#69B920,India,#fa0f0c,2013,5,15,Resistant,#595959,Not_Resistant,#E6E6E6,Not_Resistant,#E6E6E6,K143R,#0600FF,WT,#E6E6E6
B11209,22.3511148,78.6677428,Clade1,#69B920,India,#fa0f0c,2013,12,15,Resistant,#595959,Resistant,#B30000,Not_Resistant,#E6E6E6,Y132F,#329901,WT,#E6E6E6
B11210,22.3511148,78.6677428,Clade1,#69B920,India,#fa0f0c,2013,12,15,Resistant,#595959,Resistant,#B30000,Not_Resistant,#E6E6E6,Y132F,#329901,WT,#E6E6E6
B11212,22.3511148,78.6677428,Clade1,#69B920,India,#fa0f0c,2014,2,15,Resistant,#595959,Resistant,#B30000,Not_Resistant,#E6E6E6,Y132F,#329901,WT,#E6E6E6
B11213,22.3511148,78.6677428,Clade1,#69B920,India,#fa0f0c,2014,2,15,Resistant,#595959,Not_Resistant,#E6E6E6,Not_Resistant,#E6E6E6,Y132F,#329901,WT,#E6E6E6
B11214,22.3511148,78.6677428,Clade1,#69B920,India,#fa0f0c,2014,7,15,Resistant,#595959,Not_Resistant,#E6E6E6,Not_Resistant,#E6E6E6,Y132F,#329901,WT,#E6E6E6
B11216,22.3511148,78.6677428,Clade1,#69B920,India,#fa0f0c,2014,7,15,Resistant,#595959,Resistant,#B30000,Not_Resistant,#E6E6E6,Y132F,#329901,WT,#E6E6E6
B11217,22.3511148,78.6677428,Clade1,#69B920,India,#fa0f0c,2014,4,15,Resistant,#595959,Not_Resistant,#E6E6E6,Not_Resistant,#E6E6E6,Y132F,#329901,WT,#E6E6E6
B11218,22.3511148,78.6677428,Clade1,#69B920,India,#fa0f0c,2014,4,15,Resistant,#595959,Not_Resistant,#E6E6E6,Resistant,#020099,Y132F,#329901,WT,#E6E6E6
B11894,30.8760272,35.0015196,Clade4,#60C3DB,Israel,#996666,2014,8,15,Not_Resistant,#E6E6E6,Not_Resistant,#E6E6E6,Not_Resistant,#E6E6E6,WT,#E6E6E6,WT,#E6E6E6
B11896,30.8760272,35.0015196,Clade4,#60C3DB,Israel,#996666,2015,4,15,Not_Resistant,#E6E6E6,Not_Resistant,#E6E6E6,Not_Resistant,#E6E6E6,WT,#E6E6E6,WT,#E6E6E6
B11892,30.8760272,35.0015196,Clade4,#60C3DB,Israel,#996666,2014,10,15,Resistant,#595959,Not_Resistant,#E6E6E6,Not_Resistant,#E6E6E6,WT,#E6E6E6,WT,#E6E6E6
B11893,30.8760272,35.0015196,Clade4,#60C3DB,Israel,#996666,2014,5,15,Resistant,#595959,Not_Resistant,#E6E6E6,Not_Resistant,#E6E6E6,WT,#E6E6E6,WT,#E6E6E6
B11895,30.8760272,35.0015196,Clade4,#60C3DB,Israel,#996666,2014,5,15,Resistant,#595959,Not_Resistant,#E6E6E6,Not_Resistant,#E6E6E6,WT,#E6E6E6,WT,#E6E6E6
B11897,30.8760272,35.0015196,Clade4,#60C3DB,Israel,#996666,2015,4,15,Resistant,#595959,Not_Resistant,#E6E6E6,Not_Resistant,#E6E6E6,WT,#E6E6E6,WT,#E6E6E6
B11220,36.5748441,139.2394179,Clade2,#9C2E88,Japan,#990f80,2008,1,15,Not_Resistant,#E6E6E6,Not_Resistant,#E6E6E6,Not_Resistant,#E6E6E6,WT,#E6E6E6,WT,#E6E6E6
B16421,1.4419683,38.4313975,Clade1,#69B920,Kenya,#ffcc99,2018,1,25,Resistant,#595959,Resistant,#B30000,Not_Resistant,#E6E6E6,Y132F,#329901,WT,#E6E6E6
B16422,1.4419683,38.4313975,Clade1,#69B920,Kenya,#ffcc99,2018,4,20,Resistant,#595959,Resistant,#B30000,Not_Resistant,#E6E6E6,Y132F,#329901,WT,#E6E6E6
B16438,1.4419683,38.4313975,Clade1,#69B920,Kenya,#ffcc99,2014,2,5,Resistant,#595959,Resistant,#B30000,Not_Resistant,#E6E6E6,Y132F,#329901,WT,#E6E6E6
B16444,1.4419683,38.4313975,Clade1,#69B920,Kenya,#ffcc99,2014,2,25,Resistant,#595959,Resistant,#B30000,Resistant,#020099,Y132F,#329901,S639Y/P/F,#9900CC
B16448,1.4419683,38.4313975,Clade1,#69B920,Kenya,#ffcc99,2014,4,2,Resistant,#595959,Resistant,#B30000,Resistant,#020099,Y132F,#329901,S639Y/P/F,#9900CC
B16472,1.4419683,38.4313975,Clade1,#69B920,Kenya,#ffcc99,2015,7,4,Resistant,#595959,Resistant,#B30000,Not_Resistant,#E6E6E6,Y132F,#329901,WT,#E6E6E6
B16477,1.4419683,38.4313975,Clade1,#69B920,Kenya,#ffcc99,2015,11,15,Resistant,#595959,Resistant,#B30000,Not_Resistant,#E6E6E6,Y132F,#329901,WT,#E6E6E6
B16479,1.4419683,38.4313975,Clade1,#69B920,Kenya,#ffcc99,2016,2,8,Resistant,#595959,Resistant,#B30000,Not_Resistant,#E6E6E6,Y132F,#329901,WT,#E6E6E6
B16487,1.4419683,38.4313975,Clade1,#69B920,Kenya,#ffcc99,2016,10,11,Resistant,#595959,Resistant,#B30000,Not_Resistant,#E6E6E6,Y132F,#329901,WT,#E6E6E6
B16490,1.4419683,38.4313975,Clade1,#69B920,Kenya,#ffcc99,2017,2,2,Resistant,#595959,Resistant,#B30000,Not_Resistant,#E6E6E6,Y132F,#329901,WT,#E6E6E6
B16503,1.4419683,38.4313975,Clade1,#69B920,Kenya,#ffcc99,2017,5,21,Resistant,#595959,Resistant,#B30000,Not_Resistant,#E6E6E6,Y132F,#329901,WT,#E6E6E6
B16510,1.4419683,38.4313975,Clade1,#69B920,Kenya,#ffcc99,2017,4,21,Resistant,#595959,Resistant,#B30000,Resistant,#020099,Y132F,#329901,S639Y/P/F,#9900CC
B16511,1.4419683,38.4313975,Clade1,#69B920,Kenya,#ffcc99,2017,5,28,Resistant,#595959,Resistant,#B30000,Not_Resistant,#E6E6E6,Y132F,#329901,WT,#E6E6E6
B16513,1.4419683,38.4313975,Clade1,#69B920,Kenya,#ffcc99,2017,6,16,Resistant,#595959,Resistant,#B30000,Not_Resistant,#E6E6E6,Y132F,#329901,WT,#E6E6E6
B16404,1.4419683,38.4313975,Clade3,#F74B00,Kenya,#ffcc99,2017,10,16,Resistant,#595959,Not_Resistant,#E6E6E6,Resistant,#020099,F126L,#FF0100,WT,#E6E6E6
B16406,1.4419683,38.4313975,Clade3,#F74B00,Kenya,#ffcc99,2017,10,30,Resistant,#595959,Not_Resistant,#E6E6E6,Resistant,#020099,F126L,#FF0100,S639Y/P/F,#9900CC
B16410,1.4419683,38.4313975,Clade3,#F74B00,Kenya,#ffcc99,2018,6,15,Resistant,#595959,Not_Resistant,#E6E6E6,Not_Resistant,#E6E6E6,F126L,#FF0100,WT,#E6E6E6
B16415,1.4419683,38.4313975,Clade3,#F74B00,Kenya,#ffcc99,2018,7,16,Resistant,#595959,Not_Resistant,#E6E6E6,Not_Resistant,#E6E6E6,F126L,#FF0100,WT,#E6E6E6
B16417,1.4419683,38.4313975,Clade3,#F74B00,Kenya,#ffcc99,2018,6,26,Resistant,#595959,Not_Resistant,#E6E6E6,Not_Resistant,#E6E6E6,F126L,#FF0100,WT,#E6E6E6
B16419,1.4419683,38.4313975,Clade3,#F74B00,Kenya,#ffcc99,2018,4,30,Resistant,#595959,Not_Resistant,#E6E6E6,Not_Resistant,#E6E6E6,F126L,#FF0100,WT,#E6E6E6
B16424,1.4419683,38.4313975,Clade3,#F74B00,Kenya,#ffcc99,2018,5,16,Resistant,#595959,Not_Resistant,#E6E6E6,Not_Resistant,#E6E6E6,F126L,#FF0100,WT,#E6E6E6
B16401,1.4419683,38.4313975,Clade3,#F74B00,Kenya,#ffcc99,2011,11,8,Resistant,#595959,Not_Resistant,#E6E6E6,Not_Resistant,#E6E6E6,F126L,#FF0100,WT,#E6E6E6
B16431,1.4419683,38.4313975,Clade3,#F74B00,Kenya,#ffcc99,2013,10,10,Resistant,#595959,Not_Resistant,#E6E6E6,Not_Resistant,#E6E6E6,F126L,#FF0100,WT,#E6E6E6
B16432,1.4419683,38.4313975,Clade3,#F74B00,Kenya,#ffcc99,2013,12,17,Resistant,#595959,Not_Resistant,#E6E6E6,Not_Resistant,#E6E6E6,F126L,#FF0100,WT,#E6E6E6
B16433,1.4419683,38.4313975,Clade3,#F74B00,Kenya,#ffcc99,2013,12,17,Resistant,#595959,Not_Resistant,#E6E6E6,Not_Resistant,#E6E6E6,F126L,#FF0100,WT,#E6E6E6
B16436,1.4419683,38.4313975,Clade3,#F74B00,Kenya,#ffcc99,2014,1,21,Resistant,#595959,Not_Resistant,#E6E6E6,Not_Resistant,#E6E6E6,F126L,#FF0100,WT,#E6E6E6
B16439,1.4419683,38.4313975,Clade3,#F74B00,Kenya,#ffcc99,2014,2,11,Resistant,#595959,Not_Resistant,#E6E6E6,Not_Resistant,#E6E6E6,F126L,#FF0100,WT,#E6E6E6
B16440,1.4419683,38.4313975,Clade3,#F74B00,Kenya,#ffcc99,2014,2,16,Resistant,#595959,Not_Resistant,#E6E6E6,Resistant,#020099,F126L,#FF0100,S639Y/P/F,#9900CC
B16441,1.4419683,38.4313975,Clade3,#F74B00,Kenya,#ffcc99,2013,10,22,Resistant,#595959,Not_Resistant,#E6E6E6,Not_Resistant,#E6E6E6,F126L,#FF0100,WT,#E6E6E6
B16445,1.4419683,38.4313975,Clade3,#F74B00,Kenya,#ffcc99,2014,3,21,Resistant,#595959,Not_Resistant,#E6E6E6,Not_Resistant,#E6E6E6,F126L,#FF0100,WT,#E6E6E6
B16451,1.4419683,38.4313975,Clade3,#F74B00,Kenya,#ffcc99,2014,4,7,Resistant,#595959,Not_Resistant,#E6E6E6,Not_Resistant,#E6E6E6,F126L,#FF0100,WT,#E6E6E6
B16454,1.4419683,38.4313975,Clade3,#F74B00,Kenya,#ffcc99,2014,4,15,Resistant,#595959,Not_Resistant,#E6E6E6,Not_Resistant,#E6E6E6,F126L,#FF0100,WT,#E6E6E6
B16457,1.4419683,38.4313975,Clade3,#F74B00,Kenya,#ffcc99,2014,5,22,Resistant,#595959,Not_Resistant,#E6E6E6,Not_Resistant,#E6E6E6,F126L,#FF0100,WT,#E6E6E6
B16459,1.4419683,38.4313975,Clade3,#F74B00,Kenya,#ffcc99,2014,8,16,Resistant,#595959,Not_Resistant,#E6E6E6,Not_Resistant,#E6E6E6,F126L,#FF0100,WT,#E6E6E6
B16461,1.4419683,38.4313975,Clade3,#F74B00,Kenya,#ffcc99,2014,10,8,Resistant,#595959,Not_Resistant,#E6E6E6,Not_Resistant,#E6E6E6,F126L,#FF0100,WT,#E6E6E6
B16466,1.4419683,38.4313975,Clade3,#F74B00,Kenya,#ffcc99,2015,1,21,Resistant,#595959,Not_Resistant,#E6E6E6,Not_Resistant,#E6E6E6,F126L,#FF0100,WT,#E6E6E6
B16467,1.4419683,38.4313975,Clade3,#F74B00,Kenya,#ffcc99,2015,2,2,Resistant,#595959,Not_Resistant,#E6E6E6,Not_Resistant,#E6E6E6,F126L,#FF0100,WT,#E6E6E6
B16469,1.4419683,38.4313975,Clade3,#F74B00,Kenya,#ffcc99,2015,2,9,Resistant,#595959,Not_Resistant,#E6E6E6,Not_Resistant,#E6E6E6,F126L,#FF0100,WT,#E6E6E6
B16473,1.4419683,38.4313975,Clade3,#F74B00,Kenya,#ffcc99,2015,7,27,Resistant,#595959,Not_Resistant,#E6E6E6,Not_Resistant,#E6E6E6,F126L,#FF0100,WT,#E6E6E6
B16481,1.4419683,38.4313975,Clade3,#F74B00,Kenya,#ffcc99,2016,2,27,Resistant,#595959,Not_Resistant,#E6E6E6,Not_Resistant,#E6E6E6,F126L,#FF0100,WT,#E6E6E6
B16482,1.4419683,38.4313975,Clade3,#F74B00,Kenya,#ffcc99,2016,3,2,Resistant,#595959,Not_Resistant,#E6E6E6,Not_Resistant,#E6E6E6,F126L,#FF0100,WT,#E6E6E6
B16484,1.4419683,38.4313975,Clade3,#F74B00,Kenya,#ffcc99,2016,3,21,Resistant,#595959,Not_Resistant,#E6E6E6,Resistant,#020099,F126L,#FF0100,WT,#E6E6E6
B16485,1.4419683,38.4313975,Clade3,#F74B00,Kenya,#ffcc99,2013,11,5,Resistant,#595959,Not_Resistant,#E6E6E6,Not_Resistant,#E6E6E6,F126L,#FF0100,WT,#E6E6E6
B16491,1.4419683,38.4313975,Clade3,#F74B00,Kenya,#ffcc99,2017,10,2,Resistant,#595959,Not_Resistant,#E6E6E6,Not_Resistant,#E6E6E6,F126L,#FF0100,WT,#E6E6E6
B16496,1.4419683,38.4313975,Clade3,#F74B00,Kenya,#ffcc99,2013,11,5,Resistant,#595959,Not_Resistant,#E6E6E6,Not_Resistant,#E6E6E6,F126L,#FF0100,WT,#E6E6E6
B16504,1.4419683,38.4313975,Clade3,#F74B00,Kenya,#ffcc99,2017,10,23,Resistant,#595959,Not_Resistant,#E6E6E6,Not_Resistant,#E6E6E6,F126L,#FF0100,WT,#E6E6E6
B16507,1.4419683,38.4313975,Clade3,#F74B00,Kenya,#ffcc99,2013,12,14,Resistant,#595959,Not_Resistant,#E6E6E6,Not_Resistant,#E6E6E6,F126L,#FF0100,WT,#E6E6E6
B16514,1.4419683,38.4313975,Clade3,#F74B00,Kenya,#ffcc99,2017,7,5,Resistant,#595959,Not_Resistant,#E6E6E6,Not_Resistant,#E6E6E6,F126L,#FF0100,WT,#E6E6E6
B16519,1.4419683,38.4313975,Clade3,#F74B00,Kenya,#ffcc99,2018,3,7,Resistant,#595959,Not_Resistant,#E6E6E6,Not_Resistant,#E6E6E6,F126L,#FF0100,WT,#E6E6E6
B11096,30.3308401,71.247499,Clade1,#69B920,Pakistan,#660000,2014,10,15,Resistant,#595959,Not_Resistant,#E6E6E6,Not_Resistant,#E6E6E6,Y132F,#329901,WT,#E6E6E6
B11097,30.3308401,71.247499,Clade1,#69B920,Pakistan,#660000,2014,10,20,Resistant,#595959,Not_Resistant,#E6E6E6,Not_Resistant,#E6E6E6,Y132F,#329901,WT,#E6E6E6
B11098,30.3308401,71.247499,Clade1,#69B920,Pakistan,#660000,2014,10,21,Resistant,#595959,Resistant,#B30000,Not_Resistant,#E6E6E6,K143R,#0600FF,WT,#E6E6E6
B11099,30.3308401,71.247499,Clade1,#69B920,Pakistan,#660000,2014,10,27,Resistant,#595959,Not_Resistant,#E6E6E6,Not_Resistant,#E6E6E6,K143R,#0600FF,WT,#E6E6E6
B11101,30.3308401,71.247499,Clade1,#69B920,Pakistan,#660000,2014,12,8,Resistant,#595959,Resistant,#B30000,Not_Resistant,#E6E6E6,Y132F,#329901,WT,#E6E6E6
B11103,30.3308401,71.247499,Clade1,#69B920,Pakistan,#660000,2015,1,12,Resistant,#595959,Not_Resistant,#E6E6E6,Not_Resistant,#E6E6E6,K143R,#0600FF,WT,#E6E6E6
B11105,30.3308401,71.247499,Clade1,#69B920,Pakistan,#660000,2015,1,16,Resistant,#595959,Not_Resistant,#E6E6E6,Not_Resistant,#E6E6E6,Y132F,#329901,WT,#E6E6E6
B11112,30.3308401,71.247499,Clade1,#69B920,Pakistan,#660000,2015,2,21,Resistant,#595959,Not_Resistant,#E6E6E6,Not_Resistant,#E6E6E6,WT,#E6E6E6,WT,#E6E6E6
B11113,30.3308401,71.247499,Clade1,#69B920,Pakistan,#660000,2015,2,25,Resistant,#595959,Resistant,#B30000,Not_Resistant,#E6E6E6,Y132F,#329901,WT,#E6E6E6
B11114,30.3308401,71.247499,Clade1,#69B920,Pakistan,#660000,2015,3,3,Resistant,#595959,Not_Resistant,#E6E6E6,Not_Resistant,#E6E6E6,Y132F,#329901,WT,#E6E6E6
B11115,30.3308401,71.247499,Clade1,#69B920,Pakistan,#660000,2015,3,23,Resistant,#595959,Resistant,#B30000,Not_Resistant,#E6E6E6,K143R,#0600FF,WT,#E6E6E6
B11116,30.3308401,71.247499,Clade1,#69B920,Pakistan,#660000,2015,3,23,Resistant,#595959,Resistant,#B30000,Not_Resistant,#E6E6E6,K143R,#0600FF,WT,#E6E6E6
B11117,30.3308401,71.247499,Clade1,#69B920,Pakistan,#660000,2015,3,27,Resistant,#595959,Resistant,#B30000,Not_Resistant,#E6E6E6,Y132F,#329901,WT,#E6E6E6
B8441,30.3308401,71.247499,Clade1,#69B920,Pakistan,#660000,2008,11,5,Not_Resistant,#E6E6E6,Not_Resistant,#E6E6E6,Not_Resistant,#E6E6E6,WT,#E6E6E6,WT,#E6E6E6
B12101,8.9714493,-79.5341802,Clade4,#60C3DB,Panama,#cccc33,2016,9,22,Not_Resistant,#E6E6E6,Not_Resistant,#E6E6E6,Not_Resistant,#E6E6E6,WT,#E6E6E6,WT,#E6E6E6
B12103,8.9714493,-79.5341802,Clade4,#60C3DB,Panama,#cccc33,2016,7,25,Not_Resistant,#E6E6E6,Not_Resistant,#E6E6E6,Not_Resistant,#E6E6E6,WT,#E6E6E6,WT,#E6E6E6
B12106,8.9714493,-79.5341802,Clade4,#60C3DB,Panama,#cccc33,2016,9,21,Not_Resistant,#E6E6E6,Not_Resistant,#E6E6E6,Not_Resistant,#E6E6E6,WT,#E6E6E6,WT,#E6E6E6
B12094,8.9714493,-79.5341802,Clade4,#60C3DB,Panama,#cccc33,2016,9,22,Resistant,#595959,Not_Resistant,#E6E6E6,Not_Resistant,#E6E6E6,WT,#E6E6E6,WT,#E6E6E6
B12095,8.9714493,-79.5341802,Clade4,#60C3DB,Panama,#cccc33,2016,8,2,Resistant,#595959,Not_Resistant,#E6E6E6,Not_Resistant,#E6E6E6,WT,#E6E6E6,WT,#E6E6E6
B12096,8.9714493,-79.5341802,Clade4,#60C3DB,Panama,#cccc33,2016,9,20,Resistant,#595959,Not_Resistant,#E6E6E6,Not_Resistant,#E6E6E6,WT,#E6E6E6,WT,#E6E6E6
B12097,8.9714493,-79.5341802,Clade4,#60C3DB,Panama,#cccc33,2016,8,19,Resistant,#595959,Not_Resistant,#E6E6E6,Not_Resistant,#E6E6E6,WT,#E6E6E6,WT,#E6E6E6
B12098,8.9714493,-79.5341802,Clade4,#60C3DB,Panama,#cccc33,2016,9,20,Resistant,#595959,Not_Resistant,#E6E6E6,Not_Resistant,#E6E6E6,WT,#E6E6E6,WT,#E6E6E6
B12099,8.9714493,-79.5341802,Clade4,#60C3DB,Panama,#cccc33,2016,8,19,Resistant,#595959,Not_Resistant,#E6E6E6,Not_Resistant,#E6E6E6,WT,#E6E6E6,WT,#E6E6E6
B12100,8.9714493,-79.5341802,Clade4,#60C3DB,Panama,#cccc33,2016,9,7,Resistant,#595959,Not_Resistant,#E6E6E6,Not_Resistant,#E6E6E6,WT,#E6E6E6,WT,#E6E6E6
B12102,8.9714493,-79.5341802,Clade4,#60C3DB,Panama,#cccc33,2016,9,7,Resistant,#595959,Not_Resistant,#E6E6E6,Not_Resistant,#E6E6E6,WT,#E6E6E6,WT,#E6E6E6
B12104,8.9714493,-79.5341802,Clade4,#60C3DB,Panama,#cccc33,2016,8,17,Resistant,#595959,Not_Resistant,#E6E6E6,Not_Resistant,#E6E6E6,WT,#E6E6E6,WT,#E6E6E6
B12107,8.9714493,-79.5341802,Clade4,#60C3DB,Panama,#cccc33,2016,9,19,Resistant,#595959,Resistant,#B30000,Not_Resistant,#E6E6E6,WT,#E6E6E6,WT,#E6E6E6
B14165,25.6242618,42.3528328,Clade1,#69B920,Saudi Arabia,#ff9999,2018,1,10,Resistant,#595959,Not_Resistant,#E6E6E6,Not_Resistant,#E6E6E6,K143R,#0600FF,WT,#E6E6E6
B14146,25.6242618,42.3528328,Clade1,#69B920,Saudi Arabia,#ff9999,2017,12,10,Resistant,#595959,Not_Resistant,#E6E6E6,Not_Resistant,#E6E6E6,K143R,#0600FF,WT,#E6E6E6
B14147,25.6242618,42.3528328,Clade1,#69B920,Saudi Arabia,#ff9999,2017,12,25,Resistant,#595959,Not_Resistant,#E6E6E6,Not_Resistant,#E6E6E6,K143R,#0600FF,WT,#E6E6E6
B14126,25.6242618,42.3528328,Clade1,#69B920,Saudi Arabia,#ff9999,2017,11,10,Resistant,#595959,Not_Resistant,#E6E6E6,Not_Resistant,#E6E6E6,Y132F,#329901,WT,#E6E6E6
B11221,-28.8166236,24.991639,Clade3,#F74B00,South Africa,#ff6633,2012,10,23,Resistant,#595959,Not_Resistant,#E6E6E6,Not_Resistant,#E6E6E6,F126L,#FF0100,WT,#E6E6E6
B11222,-28.8166236,24.991639,Clade3,#F74B00,South Africa,#ff6633,2012,10,15,Resistant,#595959,Not_Resistant,#E6E6E6,Not_Resistant,#E6E6E6,F126L,#FF0100,WT,#E6E6E6
B11223,-28.8166236,24.991639,Clade3,#F74B00,South Africa,#ff6633,2013,1,15,Resistant,#595959,Not_Resistant,#E6E6E6,Not_Resistant,#E6E6E6,F126L,#FF0100,WT,#E6E6E6
B11224,-28.8166236,24.991639,Clade3,#F74B00,South Africa,#ff6633,2013,10,12,Resistant,#595959,Not_Resistant,#E6E6E6,Not_Resistant,#E6E6E6,F126L,#FF0100,WT,#E6E6E6
B11225,-28.8166236,24.991639,Clade3,#F74B00,South Africa,#ff6633,2014,4,20,Resistant,#595959,Not_Resistant,#E6E6E6,Not_Resistant,#E6E6E6,F126L,#FF0100,WT,#E6E6E6
B11226,-28.8166236,24.991639,Clade3,#F74B00,South Africa,#ff6633,2014,3,9,Resistant,#595959,Not_Resistant,#E6E6E6,Not_Resistant,#E6E6E6,F126L,#FF0100,WT,#E6E6E6
B11227,-28.8166236,24.991639,Clade3,#F74B00,South Africa,#ff6633,2014,3,16,Resistant,#595959,Not_Resistant,#E6E6E6,Not_Resistant,#E6E6E6,F126L,#FF0100,WT,#E6E6E6
B11228,-28.8166236,24.991639,Clade3,#F74B00,South Africa,#ff6633,2014,3,18,Resistant,#595959,Not_Resistant,#E6E6E6,Not_Resistant,#E6E6E6,F126L,#FF0100,WT,#E6E6E6
B11229,-28.8166236,24.991639,Clade3,#F74B00,South Africa,#ff6633,2014,4,21,Resistant,#595959,Not_Resistant,#E6E6E6,Not_Resistant,#E6E6E6,F126L,#FF0100,WT,#E6E6E6
B11230,-28.8166236,24.991639,Clade3,#F74B00,South Africa,#ff6633,2014,3,13,Resistant,#595959,Not_Resistant,#E6E6E6,Not_Resistant,#E6E6E6,WT,#E6E6E6,WT,#E6E6E6
B11808,36.5581914,127.9408564,Clade2,#9C2E88,South Korea,#cc66ff,2004,1,15,Not_Resistant,#E6E6E6,Not_Resistant,#E6E6E6,Not_Resistant,#E6E6E6,WT,#E6E6E6,WT,#E6E6E6
B11809,36.5581914,127.9408564,Clade2,#9C2E88,South Korea,#cc66ff,2004,1,15,Resistant,#595959,Not_Resistant,#E6E6E6,Not_Resistant,#E6E6E6,WT,#E6E6E6,WT,#E6E6E6
AA-194,39.4699014,-0.3759513,Clade3,#F74B00,Spain,#66ccff,2016,6,28,Resistant,#595959,Not_Resistant,#E6E6E6,Not_Resistant,#E6E6E6,F126L,#FF0100,WT,#E6E6E6
AA-200,39.4699014,-0.3759513,Clade3,#F74B00,Spain,#66ccff,2016,8,28,Resistant,#595959,Not_Resistant,#E6E6E6,Not_Resistant,#E6E6E6,F126L,#FF0100,WT,#E6E6E6
AA-214,39.4699014,-0.3759513,Clade3,#F74B00,Spain,#66ccff,2016,11,15,Resistant,#595959,Not_Resistant,#E6E6E6,Not_Resistant,#E6E6E6,F126L,#FF0100,WT,#E6E6E6
15B5,55.367,-3.9614184,Clade1,#69B920,UK,#0099ff,2015,19,19,Resistant,#595959,Resistant,#B30000,Not_Resistant,#E6E6E6,Y132F,#329901,WT,#E6E6E6
15B6,55.367,-3.9614184,Clade1,#69B920,UK,#0099ff,2015,22,22,Resistant,#595959,Not_Resistant,#E6E6E6,Not_Resistant,#E6E6E6,Y132F,#329901,WT,#E6E6E6
15B10,55.367,-3.9614184,Clade1,#69B920,UK,#0099ff,2015,28,28,Resistant,#595959,Resistant,#B30000,Not_Resistant,#E6E6E6,Y132F,#329901,WT,#E6E6E6
16B12,55.367,-3.9614184,Clade1,#69B920,UK,#0099ff,2016,4,15,Resistant,#595959,Resistant,#B30000,Not_Resistant,#E6E6E6,Y132F,#329901,WT,#E6E6E6
16B13,55.367,-3.9614184,Clade1,#69B920,UK,#0099ff,2016,11,15,Resistant,#595959,Not_Resistant,#E6E6E6,Not_Resistant,#E6E6E6,Y132F,#329901,WT,#E6E6E6
16I29b,55.367,-3.9614184,Clade1,#69B920,UK,#0099ff,2016,18,18,NA,#FFFFFF,NA,#FFFFFF,NA,#FFFFFF,Y132F,#329901,WT,#E6E6E6
16I29a,55.367,-3.9614184,Clade1,#69B920,UK,#0099ff,2016,18,18,NA,#FFFFFF,NA,#FFFFFF,NA,#FFFFFF,Y132F,#329901,WT,#E6E6E6
16B18,55.367,-3.9614184,Clade1,#69B920,UK,#0099ff,2016,1,2,Resistant,#595959,Not_Resistant,#E6E6E6,Not_Resistant,#E6E6E6,Y132F,#329901,WT,#E6E6E6
16B15a,55.367,-3.9614184,Clade1,#69B920,UK,#0099ff,2016,6,2,Not_Resistant,#E6E6E6,Not_Resistant,#E6E6E6,Not_Resistant,#E6E6E6,Y132F,#329901,WT,#E6E6E6
16I17,55.367,-3.9614184,Clade1,#69B920,UK,#0099ff,2016,8,2,NA,#FFFFFF,NA,#FFFFFF,NA,#FFFFFF,Y132F,#329901,WT,#E6E6E6
16B20,55.367,-3.9614184,Clade1,#69B920,UK,#0099ff,2016,16,16,Resistant,#595959,Not_Resistant,#E6E6E6,Not_Resistant,#E6E6E6,Y132F,#329901,WT,#E6E6E6
16B16,55.367,-3.9614184,Clade1,#69B920,UK,#0099ff,2016,21,21,Resistant,#595959,Not_Resistant,#E6E6E6,Not_Resistant,#E6E6E6,Y132F,#329901,WT,#E6E6E6
16B21,55.367,-3.9614184,Clade1,#69B920,UK,#0099ff,2016,22,22,Not_Resistant,#E6E6E6,Not_Resistant,#E6E6E6,Not_Resistant,#E6E6E6,Y132F,#329901,WT,#E6E6E6
16B22a,55.367,-3.9614184,Clade1,#69B920,UK,#0099ff,2016,27,27,Resistant,#595959,Not_Resistant,#E6E6E6,Not_Resistant,#E6E6E6,Y132F,#329901,WT,#E6E6E6
16B24a,55.367,-3.9614184,Clade1,#69B920,UK,#0099ff,2016,7,3,Resistant,#595959,Resistant,#B30000,Not_Resistant,#E6E6E6,Y132F,#329901,WT,#E6E6E6
16B24b,55.367,-3.9614184,Clade1,#69B920,UK,#0099ff,2016,12,3,Resistant,#595959,Not_Resistant,#E6E6E6,Not_Resistant,#E6E6E6,Y132F,#329901,WT,#E6E6E6
16I27a,55.367,-3.9614184,Clade1,#69B920,UK,#0099ff,2016,14,14,NA,#FFFFFF,NA,#FFFFFF,NA,#FFFFFF,Y132F,#329901,WT,#E6E6E6
16B26,55.367,-3.9614184,Clade1,#69B920,UK,#0099ff,2016,14,14,Resistant,#595959,Not_Resistant,#E6E6E6,Not_Resistant,#E6E6E6,Y132F,#329901,WT,#E6E6E6
16I30,55.367,-3.9614184,Clade1,#69B920,UK,#0099ff,2016,21,21,Resistant,#595959,Resistant,#B30000,Not_Resistant,#E6E6E6,Y132F,#329901,WT,#E6E6E6
16I33,55.367,-3.9614184,Clade1,#69B920,UK,#0099ff,2016,16,16,Resistant,#595959,Not_Resistant,#E6E6E6,Not_Resistant,#E6E6E6,Y132F,#329901,WT,#E6E6E6
16I34,55.367,-3.9614184,Clade1,#69B920,UK,#0099ff,2016,23,23,Resistant,#595959,Not_Resistant,#E6E6E6,Not_Resistant,#E6E6E6,Y132F,#329901,WT,#E6E6E6
16B30,55.367,-3.9614184,Clade1,#69B920,UK,#0099ff,2016,17,17,Resistant,#595959,Not_Resistant,#E6E6E6,Not_Resistant,#E6E6E6,Y132F,#329901,WT,#E6E6E6
16B31,55.367,-3.9614184,Clade1,#69B920,UK,#0099ff,2016,10,16,Resistant,#595959,Not_Resistant,#E6E6E6,Not_Resistant,#E6E6E6,Y132F,#329901,WT,#E6E6E6
B13999,24.0002488,53.9994829,Clade1,#69B920,United Arab Emirates,#cc0000,2017,10,21,Resistant,#595959,Not_Resistant,#E6E6E6,Not_Resistant,#E6E6E6,Y132F,#329901,WT,#E6E6E6
B13916,24.0002488,53.9994829,Clade1,#69B920,United Arab Emirates,#cc0000,2017,9,11,Resistant,#595959,Resistant,#B30000,Resistant,#020099,Y132F,#329901,S639Y/P/F,#9900CC
B13917,24.0002488,53.9994829,Clade1,#69B920,United Arab Emirates,#cc0000,2017,9,15,Resistant,#595959,Not_Resistant,#E6E6E6,Not_Resistant,#E6E6E6,K143R,#0600FF,WT,#E6E6E6
B14189,24.0002488,53.9994829,Clade1,#69B920,United Arab Emirates,#cc0000,2018,2,4,Resistant,#595959,Not_Resistant,#E6E6E6,Not_Resistant,#E6E6E6,Y132F,#329901,WT,#E6E6E6
B14000,24.0002488,53.9994829,Clade1,#69B920,United Arab Emirates,#cc0000,2017,10,8,Resistant,#595959,Resistant,#B30000,Not_Resistant,#E6E6E6,Y132F,#329901,WT,#E6E6E6
B14156,24.0002488,53.9994829,Clade1,#69B920,United Arab Emirates,#cc0000,2018,1,3,Resistant,#595959,Not_Resistant,#E6E6E6,Not_Resistant,#E6E6E6,K143R,#0600FF,WT,#E6E6E6
B12943,39.7837304,-100.4458825,Clade1,#69B920,United States,#99ff99,2013,,1,Resistant,#595959,Not_Resistant,#E6E6E6,Not_Resistant,#FFFFFF,K143R,#0600FF,WT,#E6E6E6
B13696,36.7014631,-118.7559974,Clade1,#69B920,United States,#99ff99,2017,8,13,Resistant,#595959,Not_Resistant,#E6E6E6,Resistant,#020099,Y132F,#329901,S639Y/P/F,#9900CC
B13520,42.3788774,-72.032366,Clade1,#69B920,United States,#99ff99,2017,7,15,Resistant,#595959,Not_Resistant,#E6E6E6,Not_Resistant,#E6E6E6,K143R,#0600FF,WT,#E6E6E6
B11810,39.5162234,-76.9382069,Clade1,#69B920,United States,#99ff99,2016,4,10,Resistant,#595959,Not_Resistant,#E6E6E6,Not_Resistant,#E6E6E6,K143R,#0600FF,WT,#E6E6E6
B12779,39.7837304,-100.4458825,Clade1,#69B920,United States,#99ff99,2017,4,27,Resistant,#595959,Not_Resistant,#E6E6E6,Resistant,#020099,WT,#E6E6E6,WT,#E6E6E6
B12554,40.0757384,-74.4041622,Clade1,#69B920,United States,#99ff99,2017,2,18,Resistant,#595959,Resistant,#B30000,Not_Resistant,#E6E6E6,K143R,#0600FF,WT,#E6E6E6
B13343,41.6500201,-72.7342163,Clade1,#69B920,United States,#99ff99,2017,6,22,Resistant,#595959,Resistant,#B30000,Not_Resistant,#E6E6E6,Y132F,#329901,WT,#E6E6E6
B11858,40.0757384,-74.4041622,Clade1,#69B920,United States,#99ff99,2015,7,11,Resistant,#595959,Not_Resistant,#E6E6E6,Not_Resistant,#E6E6E6,K143R,#0600FF,WT,#E6E6E6
B12531,40.0757384,-74.4041622,Clade1,#69B920,United States,#99ff99,2017,1,27,Resistant,#595959,Not_Resistant,#E6E6E6,Not_Resistant,#E6E6E6,K143R,#0600FF,WT,#E6E6E6
B12550,40.0757384,-74.4041622,Clade1,#69B920,United States,#99ff99,2017,1,24,Resistant,#595959,Resistant,#B30000,Not_Resistant,#E6E6E6,K143R,#0600FF,WT,#E6E6E6
B12551,40.0757384,-74.4041622,Clade1,#69B920,United States,#99ff99,2017,2,20,Resistant,#595959,Not_Resistant,#E6E6E6,Not_Resistant,#E6E6E6,K143R,#0600FF,WT,#E6E6E6
B12552,40.0757384,-74.4041622,Clade1,#69B920,United States,#99ff99,2017,2,16,Resistant,#595959,Not_Resistant,#E6E6E6,Not_Resistant,#E6E6E6,K143R,#0600FF,WT,#E6E6E6
B12553,40.0757384,-74.4041622,Clade1,#69B920,United States,#99ff99,2017,2,23,Resistant,#595959,Resistant,#B30000,Not_Resistant,#E6E6E6,K143R,#0600FF,WT,#E6E6E6
B12555,40.0757384,-74.4041622,Clade1,#69B920,United States,#99ff99,2017,1,18,Resistant,#595959,Not_Resistant,#E6E6E6,Not_Resistant,#E6E6E6,K143R,#0600FF,WT,#E6E6E6
B11878,40.7127281,-74.0060152,Clade1,#69B920,United States,#99ff99,2016,4,10,Resistant,#595959,Resistant,#B30000,Not_Resistant,#E6E6E6,K143R,#0600FF,WT,#E6E6E6
B12041,40.7127281,-74.0060152,Clade1,#69B920,United States,#99ff99,2016,8,13,Resistant,#595959,Resistant,#B30000,Not_Resistant,#E6E6E6,K143R,#0600FF,WT,#E6E6E6
B12042,40.7127281,-74.0060152,Clade1,#69B920,United States,#99ff99,2015,9,5,Resistant,#595959,Not_Resistant,#E6E6E6,Not_Resistant,#E6E6E6,K143R,#0600FF,WT,#E6E6E6
B12044,40.7127281,-74.0060152,Clade1,#69B920,United States,#99ff99,2016,8,19,Resistant,#595959,Resistant,#B30000,Not_Resistant,#E6E6E6,K143R,#0600FF,WT,#E6E6E6
B12045,40.7127281,-74.0060152,Clade1,#69B920,United States,#99ff99,2013,5,10,Resistant,#595959,Not_Resistant,#E6E6E6,Not_Resistant,#E6E6E6,K143R,#0600FF,WT,#E6E6E6
B12421,40.7127281,-74.0060152,Clade1,#69B920,United States,#99ff99,2016,11,18,Resistant,#595959,Not_Resistant,#E6E6E6,Not_Resistant,#E6E6E6,K143R,#0600FF,WT,#E6E6E6
B12423,40.7127281,-74.0060152,Clade1,#69B920,United States,#99ff99,2016,12,15,Resistant,#595959,Resistant,#B30000,Not_Resistant,#E6E6E6,K143R,#0600FF,WT,#E6E6E6
B12489,40.7127281,-74.0060152,Clade1,#69B920,United States,#99ff99,2016,12,28,Resistant,#595959,Not_Resistant,#E6E6E6,Not_Resistant,#E6E6E6,K143R,#0600FF,WT,#E6E6E6
B12491,40.7127281,-74.0060152,Clade1,#69B920,United States,#99ff99,2017,1,5,Resistant,#595959,Not_Resistant,#E6E6E6,Not_Resistant,#E6E6E6,K143R,#0600FF,WT,#E6E6E6
B12357,40.7127281,-74.0060152,Clade1,#69B920,United States,#99ff99,2016,11,15,Resistant,#595959,Not_Resistant,#E6E6E6,Not_Resistant,#E6E6E6,K143R,#0600FF,WT,#E6E6E6
B12359,40.7127281,-74.0060152,Clade1,#69B920,United States,#99ff99,2016,10,19,Resistant,#595959,Not_Resistant,#E6E6E6,Not_Resistant,#E6E6E6,K143R,#0600FF,WT,#E6E6E6
B12672,40.7127281,-74.0060152,Clade1,#69B920,United States,#99ff99,2017,3,18,Resistant,#595959,Not_Resistant,#E6E6E6,Not_Resistant,#E6E6E6,K143R,#0600FF,WT,#E6E6E6
B12536,40.7127281,-74.0060152,Clade1,#69B920,United States,#99ff99,2017,1,25,Resistant,#595959,Not_Resistant,#E6E6E6,Not_Resistant,#E6E6E6,K143R,#0600FF,WT,#E6E6E6
B12607,40.7127281,-74.0060152,Clade1,#69B920,United States,#99ff99,2017,2,16,Resistant,#595959,Resistant,#B30000,Not_Resistant,#E6E6E6,K143R,#0600FF,WT,#E6E6E6
B12975,40.0757384,-74.4041622,Clade1,#69B920,United States,#99ff99,2017,5,3,Resistant,#595959,Resistant,#B30000,Not_Resistant,#E6E6E6,K143R,#0600FF,WT,#E6E6E6
B12874,40.0757384,-74.4041622,Clade1,#69B920,United States,#99ff99,2017,5,2,Not_Resistant,#E6E6E6,Not_Resistant,#E6E6E6,Not_Resistant,#E6E6E6,K143R,#0600FF,WT,#E6E6E6
B12576,40.0757384,-74.4041622,Clade1,#69B920,United States,#99ff99,2017,2,27,Resistant,#595959,Not_Resistant,#E6E6E6,Not_Resistant,#E6E6E6,WT,#E6E6E6,WT,#E6E6E6
B12734,40.0757384,-74.4041622,Clade1,#69B920,United States,#99ff99,2017,4,15,Resistant,#595959,Resistant,#B30000,Not_Resistant,#E6E6E6,K143R,#0600FF,WT,#E6E6E6
B12735,40.0757384,-74.4041622,Clade1,#69B920,United States,#99ff99,2017,4,12,Resistant,#595959,Resistant,#B30000,Not_Resistant,#E6E6E6,K143R,#0600FF,WT,#E6E6E6
B12749,40.0757384,-74.4041622,Clade1,#69B920,United States,#99ff99,2017,4,15,Resistant,#595959,Not_Resistant,#E6E6E6,Not_Resistant,#E6E6E6,K143R,#0600FF,WT,#E6E6E6
B12667,40.7127281,-74.0060152,Clade1,#69B920,United States,#99ff99,2017,2,28,Resistant,#595959,Resistant,#B30000,Not_Resistant,#E6E6E6,K143R,#0600FF,WT,#E6E6E6
B12802,40.7127281,-74.0060152,Clade1,#69B920,United States,#99ff99,2017,4,12,Resistant,#595959,Resistant,#B30000,Not_Resistant,#E6E6E6,K143R,#0600FF,WT,#E6E6E6
B12807,40.7127281,-74.0060152,Clade1,#69B920,United States,#99ff99,2017,3,26,Resistant,#595959,Not_Resistant,#E6E6E6,Not_Resistant,#E6E6E6,K143R,#0600FF,WT,#E6E6E6
B12830,40.7127281,-74.0060152,Clade1,#69B920,United States,#99ff99,2017,4,9,Resistant,#595959,Not_Resistant,#E6E6E6,Not_Resistant,#E6E6E6,K143R,#0600FF,WT,#E6E6E6
B12837,40.7127281,-74.0060152,Clade1,#69B920,United States,#99ff99,2017,4,12,Resistant,#595959,Resistant,#B30000,Not_Resistant,#E6E6E6,K143R,#0600FF,WT,#E6E6E6
B13274,40.7127281,-74.0060152,Clade1,#69B920,United States,#99ff99,2017,4,18,Resistant,#595959,Resistant,#B30000,Not_Resistant,#E6E6E6,K143R,#0600FF,WT,#E6E6E6
B13276,40.7127281,-74.0060152,Clade1,#69B920,United States,#99ff99,2017,4,9,Resistant,#595959,Resistant,#B30000,Not_Resistant,#E6E6E6,K143R,#0600FF,WT,#E6E6E6
B13277,40.7127281,-74.0060152,Clade1,#69B920,United States,#99ff99,2017,4,4,Resistant,#595959,Resistant,#B30000,Not_Resistant,#E6E6E6,K143R,#0600FF,WT,#E6E6E6
B13279,40.7127281,-74.0060152,Clade1,#69B920,United States,#99ff99,2017,4,22,Resistant,#595959,Resistant,#B30000,Not_Resistant,#E6E6E6,K143R,#0600FF,WT,#E6E6E6
B13282,40.7127281,-74.0060152,Clade1,#69B920,United States,#99ff99,2017,5,4,Resistant,#595959,Not_Resistant,#E6E6E6,Not_Resistant,#E6E6E6,K143R,#0600FF,WT,#E6E6E6
B14308,27.7567667,-81.4639835,Clade2,#9C2E88,United States,#99ff99,2018,2,14,Not_Resistant,#E6E6E6,Not_Resistant,#E6E6E6,Not_Resistant,#E6E6E6,WT,#E6E6E6,WT,#E6E6E6
B12081,40.7127281,-74.0060152,Clade2,#9C2E88,United States,#99ff99,2012,10,19,Not_Resistant,#E6E6E6,Not_Resistant,#E6E6E6,Not_Resistant,#E6E6E6,WT,#E6E6E6,WT,#E6E6E6
B12043,40.7127281,-74.0060152,Clade2,#9C2E88,United States,#99ff99,2016,8,3,Not_Resistant,#E6E6E6,Not_Resistant,#E6E6E6,Not_Resistant,#E6E6E6,WT,#E6E6E6,WT,#E6E6E6
B12631,40.3270127,-86.1746933,Clade3,#F74B00,United States,#99ff99,2017,3,16,Resistant,#595959,Not_Resistant,#E6E6E6,Not_Resistant,#E6E6E6,F126L,#FF0100,WT,#E6E6E6
B11843,39.7837304,-100.4458825,Clade4,#60C3DB,United States,#99ff99,2016,5,21,Not_Resistant,#E6E6E6,Not_Resistant,#E6E6E6,Not_Resistant,#E6E6E6,WT,#E6E6E6,WT,#E6E6E6
B12406,39.7837304,-100.4458825,Clade4,#60C3DB,United States,#99ff99,2016,12,27,Not_Resistant,#E6E6E6,Not_Resistant,#E6E6E6,Not_Resistant,#E6E6E6,WT,#E6E6E6,WT,#E6E6E6
B12388,39.7837304,-100.4458825,Clade4,#60C3DB,United States,#99ff99,2016,9,25,Not_Resistant,#E6E6E6,Not_Resistant,#E6E6E6,Not_Resistant,#E6E6E6,WT,#E6E6E6,WT,#E6E6E6
B12938,39.7837304,-100.4458825,Clade4,#60C3DB,United States,#99ff99,2017,4,17,Not_Resistant,#E6E6E6,Not_Resistant,#E6E6E6,Not_Resistant,#E6E6E6,WT,#E6E6E6,WT,#E6E6E6
B12186,10.506098,-66.9146017,Clade4,#60C3DB,Venezuela,#ffcc33,2016,9,28,Resistant,#595959,Not_Resistant,#E6E6E6,Not_Resistant,#E6E6E6,Y132F,#329901,WT,#E6E6E6
B12187,10.506098,-66.9146017,Clade4,#60C3DB,Venezuela,#ffcc33,2016,9,30,Resistant,#595959,Not_Resistant,#E6E6E6,Not_Resistant,#E6E6E6,Y132F,#329901,WT,#E6E6E6
B12188,10.506098,-66.9146017,Clade4,#60C3DB,Venezuela,#ffcc33,2016,6,10,Resistant,#595959,Not_Resistant,#E6E6E6,Not_Resistant,#E6E6E6,Y132F,#329901,WT,#E6E6E6
B12114,10.6499149,-71.6396282,Clade4,#60C3DB,Venezuela,#ffcc33,2012,10,16,Resistant,#595959,Not_Resistant,#E6E6E6,Not_Resistant,#E6E6E6,Y132F,#329901,WT,#E6E6E6
B12116,10.6499149,-71.6396282,Clade4,#60C3DB,Venezuela,#ffcc33,2012,10,20,Resistant,#595959,Not_Resistant,#E6E6E6,Not_Resistant,#E6E6E6,Y132F,#329901,WT,#E6E6E6
B12118,10.6499149,-71.6396282,Clade4,#60C3DB,Venezuela,#ffcc33,2012,10,20,Resistant,#595959,Not_Resistant,#E6E6E6,Not_Resistant,#E6E6E6,Y132F,#329901,WT,#E6E6E6
B12119,10.6499149,-71.6396282,Clade4,#60C3DB,Venezuela,#ffcc33,2012,12,10,Resistant,#595959,Not_Resistant,#E6E6E6,Not_Resistant,#E6E6E6,Y132F,#329901,WT,#E6E6E6
B12120,10.6499149,-71.6396282,Clade4,#60C3DB,Venezuela,#ffcc33,2012,10,12,Resistant,#595959,Not_Resistant,#E6E6E6,Not_Resistant,#E6E6E6,Y132F,#329901,WT,#E6E6E6
B12121,10.6499149,-71.6396282,Clade4,#60C3DB,Venezuela,#ffcc33,2012,5,11,Resistant,#595959,Not_Resistant,#E6E6E6,Not_Resistant,#E6E6E6,Y132F,#329901,WT,#E6E6E6
B12122,10.6499149,-71.6396282,Clade4,#60C3DB,Venezuela,#ffcc33,2012,1,11,Resistant,#595959,Not_Resistant,#E6E6E6,Not_Resistant,#E6E6E6,Y132F,#329901,WT,#E6E6E6
B12123,10.6499149,-71.6396282,Clade4,#60C3DB,Venezuela,#ffcc33,2012,11,19,Resistant,#595959,Not_Resistant,#E6E6E6,Not_Resistant,#E6E6E6,Y132F,#329901,WT,#E6E6E6
B12124,10.6499149,-71.6396282,Clade4,#60C3DB,Venezuela,#ffcc33,2012,11,22,Resistant,#595959,Not_Resistant,#E6E6E6,Not_Resistant,#E6E6E6,Y132F,#329901,WT,#E6E6E6
B12125,10.6499149,-71.6396282,Clade4,#60C3DB,Venezuela,#ffcc33,2012,4,11,Resistant,#595959,Not_Resistant,#E6E6E6,Not_Resistant,#E6E6E6,Y132F,#329901,WT,#E6E6E6
B12130,10.6499149,-71.6396282,Clade4,#60C3DB,Venezuela,#ffcc33,2012,5,23,Resistant,#595959,Not_Resistant,#E6E6E6,Not_Resistant,#E6E6E6,Y132F,#329901,WT,#E6E6E6
B12131,10.6499149,-71.6396282,Clade4,#60C3DB,Venezuela,#ffcc33,2012,4,12,Resistant,#595959,Not_Resistant,#E6E6E6,Resistant,#020099,Y132F,#329901,S639Y/P/F,#9900CC
B12133,10.6499149,-71.6396282,Clade4,#60C3DB,Venezuela,#ffcc33,2012,4,17,Resistant,#595959,Not_Resistant,#E6E6E6,Not_Resistant,#E6E6E6,Y132F,#329901,WT,#E6E6E6
B12134,10.6499149,-71.6396282,Clade4,#60C3DB,Venezuela,#ffcc33,2012,12,10,Resistant,#595959,Not_Resistant,#E6E6E6,Resistant,#020099,Y132F,#329901,S639Y/P/F,#9900CC
B12135,10.6499149,-71.6396282,Clade4,#60C3DB,Venezuela,#ffcc33,2012,7,18,Resistant,#595959,Not_Resistant,#E6E6E6,Not_Resistant,#E6E6E6,Y132F,#329901,S639Y/P/F,#9900CC
B12136,10.6499149,-71.6396282,Clade4,#60C3DB,Venezuela,#ffcc33,2012,5,15,Resistant,#595959,Not_Resistant,#E6E6E6,Resistant,#020099,Y132F,#329901,S639Y/P/F,#9900CC
B12137,10.6499149,-71.6396282,Clade4,#60C3DB,Venezuela,#ffcc33,2012,5,25,Resistant,#595959,Not_Resistant,#E6E6E6,Resistant,#020099,Y132F,#329901,S639Y/P/F,#9900CC
B12138,10.6499149,-71.6396282,Clade4,#60C3DB,Venezuela,#ffcc33,2012,6,26,Resistant,#595959,Not_Resistant,#E6E6E6,Resistant,#020099,Y132F,#329901,S639Y/P/F,#9900CC
B12142,10.6499149,-71.6396282,Clade4,#60C3DB,Venezuela,#ffcc33,2012,4,26,Resistant,#595959,Not_Resistant,#E6E6E6,Resistant,#020099,Y132F,#329901,S639Y/P/F,#9900CC
B12144,10.6499149,-71.6396282,Clade4,#60C3DB,Venezuela,#ffcc33,2012,4,26,Resistant,#595959,Not_Resistant,#E6E6E6,Resistant,#020099,Y132F,#329901,S639Y/P/F,#9900CC
B12146,10.6499149,-71.6396282,Clade4,#60C3DB,Venezuela,#ffcc33,2012,9,18,Resistant,#595959,Not_Resistant,#E6E6E6,Not_Resistant,#E6E6E6,Y132F,#329901,WT,#E6E6E6
B12148,10.6499149,-71.6396282,Clade4,#60C3DB,Venezuela,#ffcc33,2012,8,20,Resistant,#595959,Not_Resistant,#E6E6E6,Not_Resistant,#E6E6E6,Y132F,#329901,WT,#E6E6E6
B12150,10.6499149,-71.6396282,Clade4,#60C3DB,Venezuela,#ffcc33,2015,2,4,Resistant,#595959,Not_Resistant,#E6E6E6,Not_Resistant,#E6E6E6,Y132F,#329901,WT,#E6E6E6
B12153,10.6499149,-71.6396282,Clade4,#60C3DB,Venezuela,#ffcc33,2015,3,27,Resistant,#595959,Not_Resistant,#E6E6E6,Not_Resistant,#E6E6E6,Y132F,#329901,WT,#E6E6E6
B12154,10.6499149,-71.6396282,Clade4,#60C3DB,Venezuela,#ffcc33,2015,5,21,Resistant,#595959,Not_Resistant,#E6E6E6,Not_Resistant,#E6E6E6,Y132F,#329901,WT,#E6E6E6
B12155,10.6499149,-71.6396282,Clade4,#60C3DB,Venezuela,#ffcc33,2015,3,9,Resistant,#595959,Not_Resistant,#E6E6E6,Not_Resistant,#E6E6E6,Y132F,#329901,WT,#E6E6E6
B12157,10.6499149,-71.6396282,Clade4,#60C3DB,Venezuela,#ffcc33,2015,1,9,Resistant,#595959,Not_Resistant,#E6E6E6,Resistant,#020099,Y132F,#329901,S639Y/P/F,#9900CC
B12160,10.6499149,-71.6396282,Clade4,#60C3DB,Venezuela,#ffcc33,2015,5,5,Resistant,#595959,Not_Resistant,#E6E6E6,Not_Resistant,#E6E6E6,Y132F,#329901,WT,#E6E6E6
B12161,10.6499149,-71.6396282,Clade4,#60C3DB,Venezuela,#ffcc33,2015,1,5,Not_Resistant,#E6E6E6,Not_Resistant,#E6E6E6,Not_Resistant,#E6E6E6,Y132F,#329901,S639Y/P/F,#9900CC
B12162,10.6499149,-71.6396282,Clade4,#60C3DB,Venezuela,#ffcc33,2015,2,9,Resistant,#595959,Not_Resistant,#E6E6E6,Not_Resistant,#E6E6E6,Y132F,#329901,WT,#E6E6E6
B12165,10.6499149,-71.6396282,Clade4,#60C3DB,Venezuela,#ffcc33,2015,3,30,Resistant,#595959,Not_Resistant,#E6E6E6,Not_Resistant,#E6E6E6,Y132F,#329901,WT,#E6E6E6
B12166,10.6499149,-71.6396282,Clade4,#60C3DB,Venezuela,#ffcc33,2015,3,24,Resistant,#595959,Not_Resistant,#E6E6E6,Not_Resistant,#E6E6E6,Y132F,#329901,WT,#E6E6E6
B12167,10.6499149,-71.6396282,Clade4,#60C3DB,Venezuela,#ffcc33,2015,3,23,Resistant,#595959,Not_Resistant,#E6E6E6,Not_Resistant,#E6E6E6,Y132F,#329901,WT,#E6E6E6
B12168,10.6499149,-71.6396282,Clade4,#60C3DB,Venezuela,#ffcc33,2015,5,25,Resistant,#595959,Not_Resistant,#E6E6E6,Not_Resistant,#E6E6E6,Y132F,#329901,WT,#E6E6E6
B12169,10.6499149,-71.6396282,Clade4,#60C3DB,Venezuela,#ffcc33,2015,5,21,Resistant,#595959,Not_Resistant,#E6E6E6,Not_Resistant,#E6E6E6,Y132F,#329901,WT,#E6E6E6
B12171,10.6499149,-71.6396282,Clade4,#60C3DB,Venezuela,#ffcc33,2015,5,30,Resistant,#595959,Not_Resistant,#E6E6E6,Resistant,#020099,Y132F,#329901,S639Y/P/F,#9900CC
B12172,10.6499149,-71.6396282,Clade4,#60C3DB,Venezuela,#ffcc33,2015,5,25,Resistant,#595959,Not_Resistant,#E6E6E6,Resistant,#020099,Y132F,#329901,S639Y/P/F,#9900CC
B12175,10.6499149,-71.6396282,Clade4,#60C3DB,Venezuela,#ffcc33,2015,5,29,Resistant,#595959,Not_Resistant,#E6E6E6,Not_Resistant,#E6E6E6,Y132F,#329901,WT,#E6E6E6
B12176,10.6499149,-71.6396282,Clade4,#60C3DB,Venezuela,#ffcc33,2015,5,25,Resistant,#595959,Not_Resistant,#E6E6E6,Not_Resistant,#E6E6E6,Y132F,#329901,WT,#E6E6E6
B12177,10.6499149,-71.6396282,Clade4,#60C3DB,Venezuela,#ffcc33,2015,5,8,Resistant,#595959,Not_Resistant,#E6E6E6,Not_Resistant,#E6E6E6,Y132F,#329901,WT,#E6E6E6
B12178,10.6499149,-71.6396282,Clade4,#60C3DB,Venezuela,#ffcc33,2015,7,28,Resistant,#595959,Not_Resistant,#E6E6E6,Not_Resistant,#E6E6E6,Y132F,#329901,WT,#E6E6E6
B12179,10.6499149,-71.6396282,Clade4,#60C3DB,Venezuela,#ffcc33,2015,2,5,Resistant,#595959,Not_Resistant,#E6E6E6,Not_Resistant,#E6E6E6,Y132F,#329901,WT,#E6E6E6
B12181,10.6499149,-71.6396282,Clade4,#60C3DB,Venezuela,#ffcc33,2015,4,8,Resistant,#595959,Not_Resistant,#E6E6E6,Not_Resistant,#E6E6E6,Y132F,#329901,WT,#E6E6E6
B12182,10.6499149,-71.6396282,Clade4,#60C3DB,Venezuela,#ffcc33,2015,2,13,Resistant,#595959,Not_Resistant,#E6E6E6,Not_Resistant,#E6E6E6,Y132F,#329901,WT,#E6E6E6
B12183,10.6499149,-71.6396282,Clade4,#60C3DB,Venezuela,#ffcc33,2015,1,9,Resistant,#595959,Not_Resistant,#E6E6E6,Resistant,#020099,Y132F,#329901,S639Y/P/F,#9900CC
reference,30.3308401,71.247499,Clade1,#69B920,Pakistan,#660000,2008,11,5,Not_Resistant,#E6E6E6,Not_Resistant,#E6E6E6,Not_Resistant,#E6E6E6,WT,#E6E6E6,WT,#E6E6E6